<?xml version="1.0" encoding="UTF-8"?>
<config xmlns="http://www.knime.org/2008/09/XMLConfig" xmlns:xsi="http://www.w3.org/2001/XMLSchema-instance" xsi:schemaLocation="http://www.knime.org/2008/09/XMLConfig http://www.knime.org/XMLConfig_2008_09.xsd" key="settings.xml">
<entry key="name" type="xstring" value="Scorer"/>
<config key="internal_node_subsettings">
<entry key="memory_policy" type="xstring" value="CacheSmallInMemory"/>
</config>
<config key="model">
<entry key="first" type="xstring" value="Document class"/>
<entry key="second" type="xstring" value="Class [kNN]"/>
</config>
<entry key="hasContent" type="xboolean" value="true"/>
<config key="ports">
<config key="port_0">
<entry key="index" type="xint" value="0"/>
<entry key="port_spec_class" type="xstring" value="org.knime.core.data.DataTableSpec"/>
<entry key="port_object_class" type="xstring" value="org.knime.core.node.BufferedDataTable"/>
<entry key="port_object_summary" type="xstring" value="Rows: 2, Cols: 2"/>
<entry key="port_dir_location" type="xstring" value="port_0"/>
</config>
</config>
</config>
